samp_name,samp_loc,fdisplay:BOOLEAN,samp_desc
compdata.htm,databind/compdata.htm,false,data
dba1.htm,databind/dba1.htm,false,data
dba2.htm,databind/dba2.htm,false,data
dba3.htm,databind/dba3.htm,false,data
dbaddsv.htm,databind/dbaddsv.htm,true,Binding a Single-value Element at run-time
dbadvert.htm,databind/dbadvert.htm,true,Using the DATAFORMATAS Attribute
dbanchor.htm,databind/dbanchor.htm,true,Binding an Anchor Element to data
dbbutton.htm,databind/dbbutton.htm,true,Binding a BUTTON Element to data
dbchkbox.htm,databind/dbchkbox.htm,true,Binding a INPUT TYPE=CHECKBOX Element to data
dbdiv.htm,databind/dbdiv.htm,true,Binding a DIV Element to data
dbdyntab.htm,databind/dbdyntab.htm,true,Dynamically Binding a TABLE at run-time
dbevts.htm,databind/dbevts.htm,true,Understanding DataBinding Events
dbfaq.htm,databind/dbfaq.htm,true,Binding a FRAME Element to data
dbfly.htm,databind/dbfly.htm,true,Adding Bound Elements and a DSO on the Fly
dbfmtfly.htm,databind/dbfmtfly.htm,true,Modifying DATAFORMATAS at Run-time
dbimg.htm,databind/dbimg.htm,true,Binding an IMG Element to data
dbmarque.htm,databind/dbmarque.htm,true,Binding a MARQUEE Element to data
dbmshtml.htm,databind/dbmshtml.htm,true,Using MSHTML as a Data Source Object
dbpage.htm,databind/dbpage.htm,true,Optimizing Table Display with DATAPAGESIZE
dbq1.htm,databind/dbq1.htm,false,data
dbq2.htm,databind/dbq2.htm,false,data
dbq3.htm,databind/dbq3.htm,false,data
dbradio.htm,databind/dbradio.htm,true,Binding a INPUT TYPE=RADIO Element to data
dbrecnum.htm,databind/dbrecnum.htm,true,Understanding the Current Record
dbselect.htm,databind/dbselect.htm,true,Binding a SELECT Element to data
dbsingle.htm,databind/dbsingle.htm,true,Single-value Data Binding
dbspan.htm,databind/dbspan.htm,true,Binding a SPAN Element to data
dbtable.htm,databind/dbtable.htm,true,Binding a TABLE Element to data
dbtextar.htm,databind/dbtextar.htm,true,Binding a TEXTAREA Element to data
dbupdate.htm,databind/dbupdate.htm,true,Understanding Data Update
dbwiz1.htm,databind/dbwiz1.htm,false,wizard
dbwiz2.htm,databind/dbwiz2.htm,false,wizard
dbwiz3.htm,databind/dbwiz3.htm,false,wizard
dbwiz4.htm,databind/dbwiz4.htm,false,wizard
dbwiz5.htm,databind/dbwiz5.htm,false,wizard
dbwiz6.htm,databind/dbwiz6.htm,false,wizard
dbwizfr.htm,databind/dbwizfr.htm,true,Binding an IFRAME Element to data
eltadv.htm,databind/eltadv.htm,true,Sorting and Filtering with the TDC
eltdyn.htm,databind/eltdyn.htm,true,Repeated Table Binding with the TDC
eltstat.htm,databind/eltstat.htm,true,Static Table
navbtns.htm,databind/navbtns.htm,true,Data Binding Navigation Scriptlet
xmltab.htm,databind/xmltab.htm,true,Using the XML Data Source Object to display data
xmlhier.htm,databind/xmlhier.htm,true,Using the XML Data Source Object to represent a 1-many relationship
